id,description,country,letter,storage id
1,Brasileiro,Czechia,B,34
2,Groove Bar,Czechia,G,262
3,Gulpener,Netherlands,G,261
4,Gambrinus,Czechia,G,283
5,Grimbergen,Belgium,G,272
6,Golem,Czechia,G,273
7,Grand Mir,Belgium,G,274
8,Golden Bauch,Brazil,G,275
9,Gefragt,Germany,G,271
10,Gulden Draak,Czechia,G,264
11,Grolsch,Netherlands,G,277
12,Grolsch,Netherlands,G,279
13,Guinness,Ireland,G,267
14,Guinness,Ireland,G,268
15,Guinness,Ireland,G,269
16,Guinness,Ireland,G,270
17,Gebrouwen door Vrouwen,Netherlands,G,276
18,Gambrinus,Czechia,G,289
19,Gambrinus,Czechia,G,288
20,Gambrinus,Czechia,G,290
21,Guinness,Ireland,G,266
22,Guinness,Ireland,G,265
23,Gilded Iguana,Costa Rica,G,257
24,Maisel,Germany,M,519
25,Max Haus,Brazil,M,520
26,Maes,Belgium,M,522
27,Moby Dick,Italy,M,533
28,Monchshof,Germany,M,532
29,Maneblusser,Belgium,M,511
30,Mamlasu,Czechia,M,512
31,McGuires,USA,M,498
32,Mazette,Belgium,M,513
33,Mort Subite,Belgium,M,514
34,Moretti,Italy,M,515
35,Maisel,Germany,M,500
36,Kutna Hora,Czechia,K,506
37,Mahou,Spain,M,501
38,Magners,Ireland,M,504
39,Michala Restaurace,Czechia,M,509
40,Moravia Pivovar,Czechia,M,538
41,Moravsky Zizkov Pivovar,Czechia,M,928
42,M,,M,540
43,Mokum,Netherlands,M,539
44,Krkonossky Medved,Czechia,K,536
45,Mikalido,Germany,M,543
46,Munchner Bier,Germany,M,542
47,Oedipus,Netherlands,O,541
48,Krkonossky Medved,Czechia,K,535
49,Mercuria,Czechia,M,537
50,Beer Experience,Spain,B,35
51,Dorada,Spain,D,208
52,Estrella Galicia,Spain,E,226
53,Cervezas 1906,Spain,C,163
54,Estrella Damm,Spain,E,227
55,Heineken,Netherlands,H,310
56,Tropical,Spain,T,832
57,Alhambra,Spain,A,6
58,Cruzcampo,Spain,C,179
59,Mahou,Spain,M,502
60,Tropical,Spain,T,831
61,Warsteiner,Spain,W,866
62,El Aguila,Spain,E,9
63,Tropical,Spain,T,833
64,Canarias Viva,Spain,C,945
65,Alhambra,Spain,A,7
66,Dorada,Spain,D,209
67,TAJ Rooftop,Spain,T,837
68,Cerveny Jelen,Czechia,C,161
69,Kosice Pivovar,Slovakia,K,377
70,Kosice Pivovar,Slovakia,K,378
71,Kaltenecker Pivovar,Slovakia,K,380
72,Starobrno,Czechia,S,749
73,Pilsner Urquell,Czechia,P,611
74,Pilsner Urquell,Czechia,P,612
75,Kamenice,Czechia,K,410
76,Louka Pivovar,Czechia,L,446
77,Lipton,,L,444
78,Lobec Pivovar,Czechia,L,448
79,Lobec Pivovar,Czechia,L,447
80,Litovel,Czechia,L,439
81,Lucky Drop Malostrana,Czechia,L,449
82,Moravia Pivovar,Czechia,M,450
83,Landwehr-Brau,Germany,L,436
84,Uiltje,Netherlands,U,906
85,Stelz,Netherlands,S,764
86,Steiger,Slovakia,S,763
87,Steiger,Slovakia,S,762
88,Medved Humensky Pivovar,Slovakia,M,503
89,Gambrinus,Czechia,G,285
90,Kofola,Slovakia,K,414
91,Tipos,Slovakia,T,836
92,Trenciansky Lanius Pivovar,Slovakia,T,855
93,Trenciansky Lanius Pivovar,Slovakia,T,854
94,Trenciansky Lanius Pivovar,Slovakia,T,853
95,Trenciansky Lanius Pivovar,Slovakia,T,852
96,Trenciansky Lanius Pivovar,Slovakia,T,851
97,Trenciansky Lanius Pivovar,Slovakia,T,850
98,Trenciansky Lanius Pivovar,Slovakia,T,849
99,Trenciansky Lanius Pivovar,Slovakia,T,848
100,Klubovna,Czechia,K,390
101,Bradac Slobodny Pivovar,Slovakia,B,105
102,Tripel Danvers,Belgium,T,834
103,Steiger,Slovakia,S,761
104,Uiltje,Netherlands,U,908
105,Grolsch,Netherlands,G,278
106,Bavaria,Netherlands,B,33
107,Vila 63,Czechia,V,948
108,Pivoteka.cz,Czechia,P,602
109,Bernard,Czechia,B,78
110,Libertas,Czechia,L,442
111,Pivoboard,Czechia,P,606
112,Obora,Czechia,O,559
113,Krusovice,Czechia,K,400
114,Pivoteka.cz,Czechia,P,605
115,Pivoteka.cz,Czechia,P,604
116,Pivoteka.cz,Czechia,P,603
117,Rezidenti1,Czechia,R,669
118,Vila 63,Czechia,V,949
119,Lobkowicz,Czechia,L,452
120,Vila 63,Czechia,V,950
121,Topsil,Czechia,T,838
122,Clock,Czechia,C,160
123,Kamenice,Czechia,K,411
124,FH Prager,Czechia,F,252
125,FH Prager,Czechia,F,251
126,Cerny Medved Pivovar,Czechia,C,152
127,Cerna Barbora,Czechia,C,171
128,Ostravar,Czechia,O,560
129,Mandarin Oriental,Switzerland,M,521
130,Leffe,Belgium,L,421
131,Leffe,Belgium,L,417
132,Leffe,Belgium,L,419
133,Strakonice,Czechia,S,752
134,Ricansky Pivovar,Czechia,R,689
135,Pilsner Urquell,Czechia,P,615
136,Regionova,Czechia,R,683
137,Bakalar,Czechia,B,79
138,U2 Craft ,Czechia,U,913
139,Cerveny Vlk,Czechia,C,162
140,Permon,Czechia,P,608
141,Lobkowicz,Czechia,L,454
142,Lobkowicz,Czechia,L,453
143,Lobkowicz,Czechia,L,451
144,Lowlander,Netherlands,L,425
145,Lowlander,Netherlands,L,424
146,Lucifer,Belgium,L,437
147,Litovel,Czechia,L,438
148,Leffe,Belgium,L,418
149,Zlaty Bazant,Slovakia,Z,919
150,Leffe,Belgium,L,420
151,Libertas,Czechia,L,441
152,Lowlander,Netherlands,L,423
153,Lowlander,Netherlands,L,422
154,Lowlander,Netherlands,L,426
155,Louka Pivovar,Czechia,L,445
156,Lobkowicz,Czechia,L,432
157,Lobkowicz,Czechia,L,431
158,Lobkowicz,Czechia,L,430
159,Lobkowicz,Czechia,L,429
160,Hostomice,Czechia,H,339
161,Hostomice,Czechia,H,338
162,Hostomice,Czechia,H,337
163,Lagunitas,USA,L,435
164,Lagunitas,USA,L,433
165,Lagunitas,USA,L,434
166,Puntigamer,Austria,P,579
167,Gosser,Austria,G,260
168,Zajko,Czechia,Z,927
169,Hostivar,Czechia,H,345
170,Hostivar,Czechia,H,346
171,Lucni Bouda,Czechia,L,443
172,Lobkowicz,Czechia,L,637
173,Legendes,Belgium,L,440
174,Dewars,Spain,D,202
175,Alfa Hellenic,Greece,A,4
176,Muflon,Czechia,M,530
177,Brustok,Czechia,B,36
178,Alera,Honduras,A,5
179,Svihov,Czechia,S,748
180,Beranuv,Czechia,B,38
181,Beranuv,Czechia,B,37
182,Erdinger,Germany,E,224
183,Amstel,Greece,A,13
184,Turnov,Czechia,T,505
185,Mythos,Greece,M,510
186,Maisel,Germany,M,499
187,Ename,Belgium,E,222
188,Radeberger,Germany,R,687
189,Obora,Czechia,O,558
190,Obora,Czechia,O,557
191,Bistro4,Czechia,B,84
192,Hejkal,Czechia,H,303
193,Herold,Czechia,H,306
194,Brevnovsky Klaster,Czechia,B,50
195,Koli,Czechia,K,393
196,Zlata Krava,Czechia,Z,940
197,Starobrno,Czechia,S,750
198,Poutnik Pelhrimov,Czechia,P,581
199,Grasel,Czechia,G,259
200,Pegas,Czechia,P,580
201,Slavkovsky,Czechia,S,753
202,Slavkovsky,Czechia,S,754
203,Kos,Czechia,K,391
204,Kasteel,Netherlands,K,392
205,Budvar,Czechia,B,57
206,Pivecka,Czechia,P,428
207,Topolsky,Czechia,T,835
208,Rotor,Czechia,R,670
209,Hauskrecht,Czechia,H,302
210,Pivecka,Czechia,P,427
211,Hauskrecht,Czechia,H,301
212,Dalesice,Czechia,D,193
213,Radegast,Czechia,R,673
214,Radegast,Czechia,R,676
215,Radegast,Czechia,R,674
216,Radegast,Czechia,R,675
217,Beznoska,Czechia,B,66
218,Konrad,Czechia,K,394
219,Propamatky,Czechia,P,583
220,Zlatopramen,Czechia,Z,916
221,Altvater,Czechia,A,8
222,Pardubicky,Czechia,P,601
223,Pilsner Urquell,Czechia,P,613
224,Staropramen,Czechia,S,733
225,Maly Janek,Czechia,M,528
226,Czech Lion,Czechia,C,180
227,Pilsner Urquell,Czechia,P,614
228,Pult,Czechia,P,584
229,Saris,Slovakia,S,729
230,Stern,Czechia,S,755
231,Stella Artois,Belgium,S,740
232,Clock,Czechia,C,156
233,Clock,Czechia,C,157
234,Clock,Czechia,C,158
235,Pardubicky,Czechia,P,600
236,Zichovec,Czechia,Z,921
237,Uneticky,Czechia,U,896
238,Skaut,Czechia,S,751
239,Pardubicky,Czechia,P,597
240,Beranek,Czechia,B,49
241,Berounsky Medved,Czechia,B,40
242,Heineken,Netherlands,H,312
243,Heineken,Netherlands,H,311
244,AvWees,Netherlands,A,3
245,Basta,Czechia,B,39
246,Kilian,Czechia,K,379
247,Cizova,Czechia,C,164
248,Budvar,Czechia,B,58
249,Antos,Czechia,A,2
250,Andelsky,Czechia,A,1
251,Malesov,Czechia,M,534
252,Kosice Pivovar,Slovakia,K,372
253,Siberia,Czechia,S,747
254,Gwern,Czechia,G,258
255,Permon,Czechia,P,607
256,Pilsner Urquell,Czechia,P,622
257,Pilsner Urquell,Czechia,P,621
258,Cvikov,Czechia,C,151
259,Uhrineves,Czechia,U,904
260,Weihenstephan,Germany,W,868
261,Weihenstephan,Germany,W,869
262,Hofbrau Kaltenhausen,Austria,H,300
263,Eggenberg,Austria,E,219
264,Falkenstejn,Czechia,F,244
265,Stella Artois,Belgium,S,739
266,TVerzet,Belgium,t,947
267,Tupadly,Czechia,T,847
268,Zlaty Bazant,Slovakia,Z,931
269,Kozel,Czechia,K,381
270,Breznak,Czechia,B,54
271,Warsteiner,Germany,W,865
272,Warsteiner,Germany,W,864
273,Wywar,Czechia,W,861
274,Wild East,USA,W,867
275,Wywar,Czechia,W,860
276,Westmalle,Belgium,W,862
277,Weitra Brau,Austria,W,863
278,Wai,,W,946
279,Tyskie,Poland,T,828
280,Triton,Czechia,T,846
281,Teletruc,Belgium,T,845
282,Thornbridge,England,T,844
283,Tropical,Spain,T,830
284,Tropical,Spain,T,829
285,Tovarna,Czechia,T,839
286,Trautenberk,Czechia,T,842
287,Trautenberk,Czechia,T,841
288,Oedipus,Netherlands,O,561
289,Texels,Netherlands,T,843
290,Two Chefs Brewing,Netherlands,T,840
291,Uneticky,Czechia,U,895
292,Uneticky,Czechia,U,894
293,Uneticky,Czechia,U,897
294,Uneticky,Czechia,U,898
295,Uneticky,Czechia,U,899
296,Uneticky,Czechia,U,900
297,Uneticky,Czechia,U,901
298,Uneticky,Czechia,U,902
299,Uneticky,Czechia,U,903
300,Untappd,Czechia,U,909
301,Uiltje,Netherlands,U,907
302,Up Festival,Belgium,U,910
303,Fleku,Czechia,F,242
304,Uhrineves,Czechia,U,905
305,Up Bar,Czechia,U,911
306,Augustin,Belgium,A,25
307,Amstel,Spain,A,14
308,Aspall,England,A,24
309,Aldersbacher,Germany,A,21
310,Aldersbacher,Germany,A,20
311,Aldersbacher,Germany,A,19
312,Aldersbacher,Germany,A,18
313,Aldersbacher,Germany,A,17
314,Andechs,Germany,A,16
315,Amundsen,Czechia,A,15
316,Amstel,Netherlands,A,12
317,Ayinger,Germany,A,11
318,Austral,Chile,A,10
319,Clock,Czechia,C,155
320,Clock,Czechia,C,154
321,Clock,Czechia,C,153
322,Coca Cola,Netherlands,C,170
323,Chric,Czechia,C,167
324,Chric,Czechia,C,166
325,Casino Gran Canaria,Spain,C,169
326,The Crown,USA,T,168
327,Carling,England,C,187
328,Carlsberg,Portugal,C,176
329,Chomout,Czechia,C,182
330,Chomout,Czechia,C,181
331,Cornet,Belgium,C,175
332,Cerna Swine,Czechia,C,174
333,Cernovar,Czechia,C,178
334,Cernovar,Czechia,C,177
335,Estrella Galicia,Spain,E,228
336,Estrella Galicia,Spain,E,225
337,Jameson,Ireland,J,360
338,Hop House,Ireland,H,308
339,Jopen,Netherlands,J,356
340,Orangina,Belgium,O,562
341,Ossegg,Czechia,O,556
342,Ossegg,Czechia,O,555
343,Ovipistan,Czechia,O,554
344,Novopacke,Czechia,N,549
345,Nemy Medved,Czechia,N,548
346,Nachmelena Opice,Czechia,N,550
347,Felber,Czechia,F,254
348,Felber,Czechia,F,253
349,Cafe Frida,Czechia,C,241
350,Full Circle,Belgium,F,247
351,Flamm,Czechia,F,246
352,Felsenkeller,Germany,F,245
353,Ferdinand,Czechia,F,250
354,Ferdinand,Czechia,F,249
355,Ferdinand,Czechia,F,248
356,Desperados,Czechia,D,200
357,De Prael,Netherlands,D,201
358,De Kade,Netherlands,D,198
359,Drzseplotu,Czechia,D,196
360,Dalesice,Czechia,D,195
361,Dalesice,Czechia,D,194
362,Dva Kohouti,Czechia,D,199
363,De Eeuwige Jeugd,Netherlands,D,206
364,De Eeuwige Jeugd,Netherlands,D,205
365,Draaimolen,Netherlands,D,204
366,,Czechia,,822
367,Delirium Noel,Belgium,D,203
368,Forst,Italy,F,238
369,Forst,Italy,F,239
370,Forst,Italy,F,237
371,Floris Passion,Belgium,F,236
372,Dorada,Spain,D,207
373,Jameson,Ireland,J,361
374,Jupiler,Belgium,J,357
375,Jupiler,Belgium,J,358
376,Jupiler,Belgium,J,359
377,Eggenberg,Czechia,E,229
378,Einsiedler,Czechia,E,221
379,,Belgium,,823
380,Duvel,Belgium,D,214
381,Duvel,Belgium,D,213
382,Duvel,Belgium,D,212
383,,Belgium,,824
384,Nutrl,USA,N,552
385,Nutrl,USA,N,551
386,,Czechia,,821
387,,Czechia,,547
388,,Czechia,,220
389,,Netherlands,,263
390,,Poland,,858
391,Heineken,Netherlands,H,309
392,Holsten,Germany,H,299
393,Hemingway Bar,Czechia,H,298
394,Hendrych,Czechia,H,341
395,Hostivar,Czechia,H,344
396,Hostivar,Czechia,H,343
397,Hostivar,Czechia,H,342
398,Holba,Czechia,H,327
399,Hertog Jan,Netherlands,H,333
400,Hannen Alt,Germany,H,323
401,Hannen Alt,Germany,H,322
402,Hannen Alt,Germany,H,321
403,Handle Bar,USA,H,320
404,Hostomice,Czechia,H,336
405,Hostomice,Czechia,H,335
406,Hostomice,Czechia,H,334
407,Hubertus,Czechia,H,316
408,Holba,Czechia,H,329
409,Cafe de Pels,Netherlands,C,307
410,Hofmuhl Hell,Germany,H,304
411,Herold,Czechia,H,305
412,Raschhofer,Austria,R,672
413,Radegast,Czechia,R,678
414,Radegast,Czechia,R,679
415,Radegast,Czechia,R,680
416,Radegast,Czechia,R,681
417,Radegast,Czechia,R,682
418,Bohemia Regent,Czechia,B,67
419,Rohozec,Czechia,R,686
420,Rohozec,Czechia,R,685
421,Royal Bliss,USA,R,668
422,Rizek,Czechia,R,667
423,Ramazzotti,Germany,R,666
424,Rudohor,Czechia,R,665
425,Rampusak,Czechia,R,664
426,Rampusak,Czechia,R,663
427,Raven,Czechia,R,662
428,Zatec,Czechia,Z,942
429,Zlaty Bazant,Slovakia,Z,932
430,Zlaty Bazant,Slovakia,Z,930
431,Zillertal,Austria,Z,929
432,Zillertal,Austria,Z,934
433,Zwettler,Austria,Z,935
434,Zizkoff Pivoteka,Czechia,Z,931
435,Zizkovske Mezidvorky,Czechia,Z,933
436,Zeliv,Czechia,Z,932
437,Zubr,Czechia,Z,936
438,Zubr,Czechia,Z,937
439,Zywiec,Poland,Z,925
440,Zloun,Czechia,Z,926
441,Zdivar,Czechia,Z,920
442,Erdinger,Czechia,E,223
443,Stridacka,Czechia,S,738
444,Krakonos,Czechia,K,408
445,Krakonos,Czechia,K,407
446,Sedmy Schod,Czechia,S,730
447,Primator,Czechia,P,575
448,Svijany,Czechia,S,778
449,Svijany,Czechia,S,779
450,Svijany,Czechia,S,780
451,Svijany,Czechia,S,781
452,Svijany,Czechia,S,782
453,Karel IV,Czechia,K,369
454,Hoegaarden,Czechia,H,325
455,Chouffe,Belgium,C,183
456,Salm Brau,Austria,S,731
457,Stiegl,Austria,S,758
458,Kelt,Czechia,K,401
459,Brand,Netherlands,B,64
460,Kolcavka,Czechia,K,402
461,Zubr,Czechia,Z,938
462,Bakalar,Czechia,B,80
463,Bakalar,Czechia,B,81
464,Postrizinske,Czechia,P,571
465,Pilsner Urquell,Czechia,P,623
466,Maisel,Germany,M,517
467,Hendrych,Czechia,H,340
468,Chodovar,Czechia,C,172
469,Pioneer,Czechia,P,573
470,Cestmir,Czechia,C,173
471,Pilsner Urquell,Czechia,P,616
472,Pilsner Urquell,Czechia,P,SS
473,Svijany,Czechia,S,766
474,Svijany,Czechia,S,765
475,Pilsner Urquell,Czechia,P,619
476,Pilsner Urquell,Czechia,P,620
477,Pioneer,Czechia,P,574
478,Pilsner Urquell,Czechia,P,627
479,Podripsky,Czechia,P,578
480,Kamenice,Czechia,K,409
481,Brouwerij 't IJ,Netherlands,B,83
482,Brezi Koza,Czechia,B,90
483,Kofola,Czechia,K,413
484,Kofola,Czechia,K,412
485,Breznak,Czechia,B,53
486,Breznak,Czechia,B,52
487,Breznak,Czechia,B,51
488,Budvar,Czechia,B,55
489,Budvar,Czechia,B,56
490,Budvar,Czechia,B,59
491,Budvar,Czechia,B,60
492,Budvar,Czechia,B,61
493,Bernard,Czechia,B,74
494,Bernard,Czechia,B,73
495,Bernard,Czechia,B,72
496,Bernard,Czechia,B,71
497,Bernard,Czechia,B,70
498,Bernard,Czechia,B,77
499,Bernard,Czechia,B,76
500,Bernard,Czechia,B,69
501,Bernard,Czechia,B,75
502,Beznoska,Czechia,B,65
503,Bohemia Regent,Czechia,B,68
504,Beskydsky,Czechia,B,85
505,Beskydsky,Czechia,B,86
506,Beskydsky,Czechia,B,87
507,Beskydsky,Czechia,B,88
508,Beskydsky,Czechia,B,89
509,Bakalar,Czechia,B,82
510,Budvar,Czechia,B,62
511,Branik,Czechia,B,91
512,Branik,Czechia,B,92
513,Beranek,Czechia,B,93
514,Beranek,Czechia,B,94
515,Beranek,Czechia,B,95
516,BeerGeek,Czechia,B,96
517,Bratcice,Czechia,B,97
518,Black Dogs,Czechia,B,98
519,Belveder,Czechia,B,99
520,Paulaner,Czechia,P,100
521,Brusseleir,Belgium,B,101
522,Bruxellensis,Belgium,B,102
523,Blanche de Namur,Belgium,B,103
524,Browar Amber,Poland,B,104
525,Aliance PIV,Czechia,A,29
526,Axiom,Czechia,A,28
527,Axiom,Czechia,A,27
528,Albrecht,Czechia,A,26
529,Aldersbacher,Germany,A,23
530,Aldersbacher,Germany,A,22
531,Augustin,Austria,A,30
532,Budvar,Czechia,B,63
533,Cobolis,Czechia,C,150
534,Chimay,Belgium,C,188
535,Cobra,Czechia,C,149
536,Chric,Czechia,C,165
537,Clock,Czechia,C,159
538,Cerna Hora,Czechia,C,147
539,Cerna Hora,Czechia,C,146
540,Cerna Hora,Czechia,C,148
541,Cerna Hora,Czechia,C,145
542,Domyno Bar,Czechia,D,197
543,Duvel,Belgium,D,211
544,Duvel,Belgium,D,210
545,Doubravnik,Czechia,D,215
546,Erb,Czechia,E,218
547,Erb,Czechia,E,217
548,Brevnovsky Klaster,Czechia,B,106
549,Falkenstejn,Czechia,F,243
550,Frankies,Czechia,F,240
551,Falkon,Czechia,F,233
552,Franziskaner,Germany,F,235
553,Feldschlobchen,Germany,F,234
554,Gambrinus,Czechia,G,294
555,Gambrinus,Czechia,G,293
556,Gambrinus,Czechia,G,292
557,Gambrinus,Czechia,G,291
558,Gambrinus,Czechia,G,286
559,Gambrinus,Czechia,G,287
560,Gambrinus,Czechia,G,284
561,Gambrinus,Czechia,G,282
562,Hoegaarden,Belgium,H,324
563,Hubertus,Czechia,H,315
564,Hubertus,Czechia,H,314
565,Hubertus,Czechia,H,313
566,Holba,Czechia,H,326
567,Holba,Czechia,H,328
568,Hertog Jan,Netherlands,H,332
569,Hertog Jan,Netherlands,H,331
570,Hertog Jan,Netherlands,H,330
571,Altstadthof,Germany,A,297
572,Hasseroder,Germany,H,319
573,Hluboka,Czechia,H,318
574,Hangar,Czechia,H,317
575,Jever,Germany,J,355
576,Jezek,Czechia,J,354
577,Jezek,Czechia,J,353
578,Kozel,Czechia,K,389
579,Kozel,Czechia,K,388
580,Kozel,Czechia,K,387
581,Kozel,Czechia,K,385
582,Kozel,Czechia,K,386
583,Kozel,Czechia,K,384
584,Kozel,Czechia,K,383
585,Kozel,Czechia,K,382
586,Cesky Krumlov,Czechia,C,371
587,Klaster,Czechia,K,370
588,Konrad,Czechia,K,396
589,Konrad,Czechia,K,395
590,Krusovice,Czechia,K,399
591,Krusovice,Czechia,K,398
592,Krusovice,Czechia,K,397
593,Kolcavka,Czechia,K,376
594,Kolcavka,Czechia,K,375
595,Kolcavka,Czechia,K,374
596,Kolcavka,Czechia,K,373
597,Kral Sumavy,Czechia,K,405
598,Kocouri,Czechia,K,404
599,Krakonos,Czechia,K,406
600,Kynspersky,Czechia,K,403
601,Muflon,Czechia,M,531
602,Krkonossky Medved,Czechia,K,527
603,Mazak,Czechia,M,526
604,Mazak,Czechia,M,525
605,Malastrana,Czechia,M,524
606,Matuska,Czechia,M,523
607,Manifesto,Czechia,M,516
608,Policce,Czechia,P,508
609,Klenot,Czechia,K,507
610,Mordyr,Czechia,M,497
611,Muflon,Czechia,M,529
612,Never Enough,Czechia,N,546
613,Neratov,Czechia,N,545
614,Dalesice,Czechia,D,553
615,Parnik,Czechia,P,570
616,Parnik,Czechia,P,569
617,Pilsner Urquell,Czechia,P,633
618,Pilsner Urquell,Czechia,P,630
619,Pilsner Urquell,Czechia,P,631
620,Pilsner Urquell,Czechia,P,632
621,Pilsner Urquell,Czechia,P,629
622,Pilsner Urquell,Czechia,P,628
623,Pilsner Urquell,Czechia,P,626
624,Pilsner Urquell,Czechia,P,625
625,Pilsner Urquell,Czechia,P,610
626,Pilsner Urquell,Czechia,P,624
627,Platan,Czechia,P,589
628,Platan,Czechia,P,590
629,Porter,Czechia,P,588
630,Porter,Czechia,P,587
631,Porter,Czechia,P,586
632,Porter,Czechia,P,585
633,Primator,Czechia,P,577
634,Primator,Czechia,P,576
635,Pardubicky,Czechia,P,599
636,Pardubicky,Czechia,P,598
637,Paulaner,Czechia,P,596
638,Paintball Hall,Czechia,P,595
639,Preska,Czechia,P,594
640,Pilsner Urquell,Czechia,P,609
641,Pork and Beer,Czechia,P,593
642,Pork and Beer,Czechia,P,592
643,Pork and Beer,Czechia,P,591
644,Pilsner Urquell,Czechia,P,618
645,Pilsner Urquell,Czechia,P,617
646,Prazacka,Czechia,P,572
647,Poutnik Pelhrimov,Czechia,P,582
648,Jazz Republic,Czechia,J,362
649,Omer,Czechia,O,564
650,Omer,Czechia,O,563
651,Quest Cafe,Czechia,Q,641
652,Romano Pizzeria,Czechia,R,671
653,Radegast,Czechia,R,677
654,Radeberger,Germany,R,688
655,Radous,Czechia,R,684
656,Rychtar,Czechia,R,658
657,Rychtar,Czechia,R,657
658,Raven,Czechia,R,661
659,Revnice,Czechia,R,660
660,Rychtar,Czechia,R,659
661,Staropramen,Czechia,S,735
662,Staropramen,Czechia,S,737
663,Staropramen,Czechia,S,736
664,Staropramen,Czechia,S,734
665,Staropramen,Czechia,S,760
666,Stankuv,Czechia,S,746
667,Kout na Sumave,Czechia,K,415
668,Sagres,Portugal,S,745
669,Super Bock,Portugal,S,743
670,Falkenstejn,Czechia,F,742
671,Stojaka,Czechia,S,741
672,Stouterik,Belgium,S,759
673,Stiegl,Austria,S,757
674,Scala,Czechia,S,756
675,Svijany,Czechia,S,783
676,Svijany,Czechia,S,784
677,Svijany,Czechia,S,777
678,Svijany,Czechia,S,775
679,Svijany,Czechia,S,776
680,Svijany,Czechia,S,774
681,Svijany,Czechia,S,773
682,Svijany,Czechia,S,771
683,Svijany,Czechia,S,772
684,Svijany,Czechia,S,770
685,Svijany,Czechia,S,769
686,Svijany,Czechia,S,767
687,Svijany,Czechia,S,768
688,Super Bock,Portugal,S,744
689,St Feuillien,Belgium,S,732
690,Tyskie,Poland,T,825
691,Tyskie,Poland,T,826
692,Tyskie,Poland,T,827
693,Uneticky,Czechia,U,891
694,Uneticky,Czechia,U,890
695,Uneticky,Czechia,U,889
696,Utopia Cajovna,Czechia,U,912
697,Uneticky,Czechia,U,892
698,Uneticky,Czechia,U,893
699,Volt Jablonecky,Czechia,V,944
700,Volt Jablonecky,Czechia,V,943
701,Veldensteiner,Germany,V,952
702,Veldensteiner,Germany,V,951
703,Vegalite,Czechia,V,954
704,Vinohradsky,Czechia,V,953
705,Visoky Chlumec,Czechia,V,956
706,Victor,Czechia,V,955
707,Zipfer,Germany,Z,939
708,Zatec,Czechia,Z,941
709,Zichovec,Czechia,Z,923
710,Zlatopramen,Czechia,Z,917
711,Zlaty Bazant,Slovakia,Z,918
712,,Czechia,,820
713,,Czechia,,817
714,,Czechia,,819
715,,Czechia,,818
716,Beirao,Portugal,B,SS
717,Pilsner Urquell,Czechia,P,SS
718,Pilsner Urquell,Czechia,P,SS
719,Pilsner Urquell,Czechia,P,SS
720,Breznak,Czechia,B,SS
721,Beznoska,Czechia,B,SS
722,Zalozna,Czechia,Z,SS
723,Zalozna,Czechia,Z,SS
724,Karlicek,Czechia,K,SS
725,Lasagneria,Czechia,L,SS
726,Karlicek,Czechia,K,SS
727,,,,SS
728,Old Cock,Czechia,O,566
729,Old Cock,Czechia,O,565
730,Mangy Moose,USA,M,518
731,Cesky Krumlov,Czechia,C,189
732,Cesky Krumlov,Czechia,C,191
733,Cesky Krumlov,Czechia,C,190
734,Laplace,Czechia,L,718
735,Lazensky,Czechia,L,456
736,,Belgium,,859
737,,Czechia,,816
738,Kofola,Czechia,K,490
739,Kofola,Czechia,K,491
740,Kofola,Czechia,K,489
741,Kozel,Czechia,K,461
742,Kozel,Czechia,K,462
743,Kozel,Czechia,K,463
744,Kozel,Czechia,K,464
745,Kozel,Czechia,K,460
746,Krusovice,Czechia,K,458
747,Krusovice,Czechia,K,459
748,Konrad,Czechia,K,457
749,Kocouri,Czechia,K,472
750,Kreuzberger,Germany,K,471
751,Kbely,Czechia,K,470
752,Karlovarske,Czechia,K,469
753,Kahan,Czechia,K,468
754,Knir,Czechia,K,467
755,Kasteel,Belgium,K,480
756,Kamenice,Czechia,K,466
757,Kamenice,Czechia,K,465
758,Krusnohor,Czechia,K,479
759,Wieselburg,Austria,W,478
760,Kornuit,Netherlands,K,477
761,Krumauer,Czechia,K,476
762,Krusovice,Slovakia,K,475
763,Kelt,Czechia,K,474
764,Tovarna,Czechia,T,473
765,Kutna Hora,Czechia,K,488
766,Kutna Hora,Czechia,K,486
767,Kutna Hora,Czechia,K,487
768,Kutna Hora,Czechia,K,485
769,Kairos,Brazil,K,482
770,Kasteel,Belgium,K,484
771,Kwak,Belgium,K,483
772,Kujebak,Czechia,K,481
773,Bird,Netherlands,B,107
774,Brew Dog,Czechia,B,108
775,Baptist,Belgium,B,44
776,Baran,Czechia,B,110
777,Berliner Berg,Germany,B,111
778,Beers & Cheers,Czechia,B,113
779,Bubenec,Czechia,B,42
780,Klubovna,Czechia,K,41
781,Bulldog,Netherlands,B,143
782,Brothers in Law,Netherlands,B,144
783,Beskydsky,Czechia,B,142
784,Beskydsky,Czechia,B,141
785,Beskydsky,Czechia,B,140
786,Budvar,Czechia,B,139
787,Budvar,Czechia,B,138
788,Budvar,Czechia,B,137
789,Budvar,Czechia,B,136
790,Bakalar,Czechia,B,135
791,Bakalar,Czechia,B,134
792,Blue Moon,Belgium,B,133
793,Blue Moon,Belgium,B,132
794,Brouwer,Belgium,B,131
795,Baguales,Chile,B,130
796,Britt,Costa Rica,B,129
797,Bavaria,Germany,B,128
798,Bernard,Czechia,B,126
799,Bernard,Czechia,B,127
800,Bernard,Czechia,B,124
801,Bernard,Czechia,B,125
802,Bernard,Czechia,B,123
803,Belzebuth,Belgium,B,122
804,Branik,Czechia,B,121
805,Barkotex,Czechia,B,120
806,Barao,Brazil,B,119
807,Becherovka,Czechia,B,118
808,Becherovka,Czechia,B,117
809,Becherovka,Czechia,B,116
810,Brasserie de la Senne,Belgium,B,114
811,Becks,Germany,B,115
812,Bohemia,Czechia,B,112
813,Staropramen,Czechia,S,787
814,Saris,Slovakia,S,785
815,Samuel Adams,USA,S,804
816,Sagres,Portugal,S,801
817,San Miguel,Spain,S,803
818,Strakonice,Czechia,S,802
819,Saris,Slovakia,S,786
820,Svijany,Czechia,S,813
821,Svijany,Czechia,S,815
822,Svijany,Czechia,S,814
823,Silly,Belgium,S,805
824,Silly,Belgium,S,806
825,Solnice,Czechia,S,798
826,Snake River,USA,S,807
827,Svijany,Czechia,S,810
828,Svijany,Czechia,S,811
829,Svijany,Czechia,S,812
830,Seicha,Czechia,S,797
831,SUP,Czechia,S,800
832,SUP,Czechia,S,799
833,Schazenbrau,Germany,S,794
834,SQBRU,Belgium,S,796
835,Spejle,Czechia,S,795
836,Spacal,Czechia,S,793
837,Samson,Czechia,S,791
838,Super Bock,Portugal,S,789
839,Sv Norbert,Czechia,S,792
840,Stonebrewing,Czechia,S,788
841,Svabin,Czechia,S,790
842,Schweppes,Switzerland,S,808
843,Pepsi,,P,719
844,Probier,Brazil,P,716
845,Prazacka,Czechia,P,715
846,Pilsner Urquell,Czechia,P,723
847,Pilsner Urquell,Czechia,P,724
848,Perrier,Belgium,P,711
849,Perrier,Belgium,P,712
850,Pilsner Urquell,Czechia,P,727
851,Pilsner Urquell,Czechia,P,725
852,Pilsner Urquell,Czechia,P,726
853,Poctiva,Czechia,P,710
854,Podripsky,Czechia,P,709
855,Permon,Czechia,P,707
856,Pardubicky,Czechia,P,705
857,Pardubicky,Czechia,P,706
858,Pocernicky,Czechia,P,704
859,Peroni,Netherlands,P,708
860,Primator,Czechia,P,702
861,Primator,Czechia,P,701
862,Primator,Czechia,P,703
863,Pilsner Urquell,Czechia,P,722
864,Pilsner Urquell,Czechia,P,720
865,Pilsner Urquell,Czechia,P,728
866,Pilsner Urquell,Czechia,P,721
867,PID,Czechia,P,697
868,Nonkel Pater,Belgium,N,698
869,Prager Laffe,Czechia,P,699
870,Pronck,Netherlands,P,696
871,Petrus,Czechia,P,700
872,U Pivrnce,Czechia,P,714
873,Tripple Crown,Czechia,T,856
874,Permon,Czechia,P,255
875,Pocernak,Czechia,P,713
876,Bad Flash,Czechia,B,45
877,Bad Flash,Czechia,B,46
878,Bad Flash,Czechia,B,47
879,Bad Flash,Czechia,B,48
880,Bad Flash,Czechia,B,695
881,Lupia,Spain,L,690
882,Heteroclito,Greece,H,347
883,La Hechicera,Czechia,L,348
884,Erdinger,Germany,E,230
885,Ottakringer,Austria,O,694
886,Porter,Czechia,P,717
887,Groove Bar,Czechia,G,295
888,Together,Czechia,T,857
889,Mustang,Czechia,M,544
890,Barnie,Czechia,B,109
891,Kasteel,Belgium,K,416
892,Andelsky,Czechia,A,31
893,Super Bock,Portugal,S,809
894,Gambrinus,Czechia,G,296
895,Castello,Portugal,C,256
896,U Orloje,Czechia,U,568
897,U Orloje,Czechia,U,567
898,Zatec,Czechia,Z,924
899,Chyse,Czechia,C,231
900,Chyse,Czechia,C,232
901,Chyse,Czechia,C,192
902,U Orloje,Czechia,U,693
903,Zatec,Czechia,Z,SS
904,Holba,Czechia,H,349
905,Radegast,Czechia,R,692
906,Radegast,Czechia,R,691
907,Uneticky,Czechia,U,914
908,Zichovec,Czechia,Z,922
909,Uneticky,Czechia,U,915
910,Gianni Franzi,Italy,G,639
911,Gianni Franzi,Italy,G,640
912,Pavilhao Chines,Portugal,P,635
913,The Dior,Italy,D,216
914,Menabrea,Italy,M,870
915,VZO,Italy,V,957
916,Beer Port,Slovakia,B,43
917,Krusovice,Slovakia,K,492
918,Pilsner Urquell,Slovakia,P,634
919,Ovipistan,Czechia,O,642
920,Ovipistan,Czechia,O,643
921,Ovipistan,Czechia,O,644
922,Ovipistan,Czechia,O,645
923,Ovipistan,Czechia,O,646
924,Barn,Czechia,B,365
925,U Vojtechu,Czechia,V,656
926,Hradec Kralove,Czechia,H,647
927,Hradec Kralove,Czechia,H,648
928,Hradec Kralove,Czechia,H,649
929,Hradec Kralove,Czechia,H,650
930,Clock,Czechia,C,363
931,Opatovicky,Czechia,O,638
932,Lobkowicz,Czechia,L,455
933,Pilsner Urquell,Czechia,P,636
934,Raven,Czechia,R,493
935,Pecky Snezka,Czechia,P,494
936,Antos,Czechia,A,32
937,Loutkar,Czechia,L,367
938,Hradec Kralove,Czechia,H,651
939,Hradec Kralove,Czechia,H,652
940,Hradec Kralove,Czechia,H,653
941,Hradec Kralove,Czechia,H,654
942,Hradec Kralove,Czechia,H,655
943,Klenot,Czechia,K,368
944,Mordyr,Czechia,M,496
945,Pilsner Urquell,Czechia,P,495
946,Hubertus,Czechia,H,351
947,Falkenstejn,Czechia,F,366
948,Hubertus,Czechia,H,352
949,Craft Beer,Czechia,C,364
950,Hostivar,Czechia,H,350
951,Chouffe,Belgium,C,184
952,Chouffe,Belgium,C,185
953,Carolus,Belgium,C,186
954,Gambrinus,Czechia,G,280
955,Gambrinus,Czechia,G,281
956,Axiom,Czechia,A,871
957,Bernard,Czechia,B,872
958,Cestmir,Czechia,C,873
959,Hradec Kralove,Czechia,H,874
960,Kozel,Czechia,K,875
961,Kofola,Czechia,K,876
962,Primator,Czechia,P,877
963,Rimska,Czechia,R,878
964,Permon,Czechia,P,879
965,Gerhard,Czechia,G,880
966,Kynspersky,Czechia,K,881
967,Uneticky,Czechia,U,882
968,JAT',Belgium,J,883
969,Acropolis,Spain,A,884
970,Sibeeria,Czechia,S,885
971,Beskydsky,Czechia,B,886
972,Jung Berg,Czechia,J,887
973,Out To Lunch,Portugal,O,888
974,Paulaner,Germany,P,959
975,Rebel,Czechia,R,960
976,Guinness,Czechia,G,961
977,Starobrno,Czechia,S,962
978,Poctiva,Czechia,P,963
979,Poctiva,Czechia,P,964
980,Poctiva,Czechia,P,965
981,Maisel,Germany,M,966
982,Mazak,Czechia,M,967
983,Matuska,Czechia,M,968
984,Mazak,Czechia,M,969
985,Svabin,Czechia,S,970
986,Svabin,Czechia,S,971
987,Lod,Czechia,L,972
988,Lod,Czechia,L,973
989,Kronenbourg ,France,K,974
990,Carlsberg,Cyprus,C,975
991,Madcat,Czechia,M,976
992,Beerlovers,Austria,B,977
993,Brew Dog,Czechia,B,978
994,Kino Pivo,Czechia,K,979
995,Mythos,Cyprus,M,980
996,Memories,Cyprus,M,981
997,Estrella Damn,Cyprus,E,982
998,Golem,Cyprus,G,983
999,KEO,Cyprus,K,984
1000,KEO,Cyprus,K,985
1001,Columbia,Cyprus,C,986
1002,U Dvou Kocek,Czechia,U,987
1003,Sdruzeni Pratel Piva,Czechia,S,988
1004,Svabin,Czechia,S,989
1005,Varga Brothers,Czechia,V,990
1006,Kasteel,Belgium,K,991
1007,Efes,Cyprus,E,992
1008,Nachmelena Opice,Czechia,N,993
1009,Agent,Czechia,A,994
1010,Zeliv,Czechia,Z,995
1011,Louka Pivovar,Czechia,L,996
1012,Carolus,Belgium,C,997
1013,Klenot,Czechia,K,998
1014,Anonymous,Czechia,A,999
1015,Starokladno,Czechia,S,1000
1016,Supa,Czechia,S,1001
1017,Holba,Czechia,H,1002
1018,Moravia Pivovar,Czechia,M,1003
01019,,,,
01020,,,,
01021,,,,
01022,,,,
01023,,,,
01024,,,,
01025,,,,
01026,,,,
01027,,,,
01028,,,,
01029,,,,
01030,,,,
01031,,,,
01032,,,,
01033,,,,
01034,,,,
01035,,,,
01036,,,,
01037,,,,
